--
-- PostgreSQL database dump
--

-- Dumped from database version 17.0 (Debian 17.0-1.pgdg120+1)
-- Dumped by pg_dump version 17.0 (Debian 17.0-1.pgdg120+1)

SET statement_timeout = 0;
SET lock_timeout = 0;
SET idle_in_transaction_session_timeout = 0;
SET transaction_timeout = 0;
SET client_encoding = 'UTF8';
SET standard_conforming_strings = on;
SELECT pg_catalog.set_config('search_path', '', false);
SET check_function_bodies = false;
SET xmloption = content;
SET client_min_messages = warning;
SET row_security = off;

SET default_tablespace = '';

SET default_table_access_method = heap;

--
-- Name: auth_group; Type: TABLE; Schema: public; Owner: techstackuser
--

CREATE TABLE public.auth_group (
    id integer NOT NULL,
    name character varying(150) NOT NULL
);


ALTER TABLE public.auth_group OWNER TO techstackuser;

--
-- Name: auth_group_id_seq; Type: SEQUENCE; Schema: public; Owner: techstackuser
--

ALTER TABLE public.auth_group ALTER COLUMN id ADD GENERATED BY DEFAULT AS IDENTITY (
    SEQUENCE NAME public.auth_group_id_seq
    START WITH 1
    INCREMENT BY 1
    NO MINVALUE
    NO MAXVALUE
    CACHE 1
);


--
-- Name: auth_group_permissions; Type: TABLE; Schema: public; Owner: techstackuser
--

CREATE TABLE public.auth_group_permissions (
    id bigint NOT NULL,
    group_id integer NOT NULL,
    permission_id integer NOT NULL
);


ALTER TABLE public.auth_group_permissions OWNER TO techstackuser;

--
-- Name: auth_group_permissions_id_seq; Type: SEQUENCE; Schema: public; Owner: techstackuser
--

ALTER TABLE public.auth_group_permissions ALTER COLUMN id ADD GENERATED BY DEFAULT AS IDENTITY (
    SEQUENCE NAME public.auth_group_permissions_id_seq
    START WITH 1
    INCREMENT BY 1
    NO MINVALUE
    NO MAXVALUE
    CACHE 1
);


--
-- Name: auth_permission; Type: TABLE; Schema: public; Owner: techstackuser
--

CREATE TABLE public.auth_permission (
    id integer NOT NULL,
    name character varying(255) NOT NULL,
    content_type_id integer NOT NULL,
    codename character varying(100) NOT NULL
);


ALTER TABLE public.auth_permission OWNER TO techstackuser;

--
-- Name: auth_permission_id_seq; Type: SEQUENCE; Schema: public; Owner: techstackuser
--

ALTER TABLE public.auth_permission ALTER COLUMN id ADD GENERATED BY DEFAULT AS IDENTITY (
    SEQUENCE NAME public.auth_permission_id_seq
    START WITH 1
    INCREMENT BY 1
    NO MINVALUE
    NO MAXVALUE
    CACHE 1
);


--
-- Name: auth_user; Type: TABLE; Schema: public; Owner: techstackuser
--

CREATE TABLE public.auth_user (
    id integer NOT NULL,
    password character varying(128) NOT NULL,
    last_login timestamp with time zone,
    is_superuser boolean NOT NULL,
    username character varying(150) NOT NULL,
    first_name character varying(150) NOT NULL,
    last_name character varying(150) NOT NULL,
    email character varying(254) NOT NULL,
    is_staff boolean NOT NULL,
    is_active boolean NOT NULL,
    date_joined timestamp with time zone NOT NULL
);


ALTER TABLE public.auth_user OWNER TO techstackuser;

--
-- Name: auth_user_groups; Type: TABLE; Schema: public; Owner: techstackuser
--

CREATE TABLE public.auth_user_groups (
    id bigint NOT NULL,
    user_id integer NOT NULL,
    group_id integer NOT NULL
);


ALTER TABLE public.auth_user_groups OWNER TO techstackuser;

--
-- Name: auth_user_groups_id_seq; Type: SEQUENCE; Schema: public; Owner: techstackuser
--

ALTER TABLE public.auth_user_groups ALTER COLUMN id ADD GENERATED BY DEFAULT AS IDENTITY (
    SEQUENCE NAME public.auth_user_groups_id_seq
    START WITH 1
    INCREMENT BY 1
    NO MINVALUE
    NO MAXVALUE
    CACHE 1
);


--
-- Name: auth_user_id_seq; Type: SEQUENCE; Schema: public; Owner: techstackuser
--

ALTER TABLE public.auth_user ALTER COLUMN id ADD GENERATED BY DEFAULT AS IDENTITY (
    SEQUENCE NAME public.auth_user_id_seq
    START WITH 1
    INCREMENT BY 1
    NO MINVALUE
    NO MAXVALUE
    CACHE 1
);


--
-- Name: auth_user_user_permissions; Type: TABLE; Schema: public; Owner: techstackuser
--

CREATE TABLE public.auth_user_user_permissions (
    id bigint NOT NULL,
    user_id integer NOT NULL,
    permission_id integer NOT NULL
);


ALTER TABLE public.auth_user_user_permissions OWNER TO techstackuser;

--
-- Name: auth_user_user_permissions_id_seq; Type: SEQUENCE; Schema: public; Owner: techstackuser
--

ALTER TABLE public.auth_user_user_permissions ALTER COLUMN id ADD GENERATED BY DEFAULT AS IDENTITY (
    SEQUENCE NAME public.auth_user_user_permissions_id_seq
    START WITH 1
    INCREMENT BY 1
    NO MINVALUE
    NO MAXVALUE
    CACHE 1
);


--
-- Name: django_admin_log; Type: TABLE; Schema: public; Owner: techstackuser
--

CREATE TABLE public.django_admin_log (
    id integer NOT NULL,
    action_time timestamp with time zone NOT NULL,
    object_id text,
    object_repr character varying(200) NOT NULL,
    action_flag smallint NOT NULL,
    change_message text NOT NULL,
    content_type_id integer,
    user_id integer NOT NULL,
    CONSTRAINT django_admin_log_action_flag_check CHECK ((action_flag >= 0))
);


ALTER TABLE public.django_admin_log OWNER TO techstackuser;

--
-- Name: django_admin_log_id_seq; Type: SEQUENCE; Schema: public; Owner: techstackuser
--

ALTER TABLE public.django_admin_log ALTER COLUMN id ADD GENERATED BY DEFAULT AS IDENTITY (
    SEQUENCE NAME public.django_admin_log_id_seq
    START WITH 1
    INCREMENT BY 1
    NO MINVALUE
    NO MAXVALUE
    CACHE 1
);


--
-- Name: django_content_type; Type: TABLE; Schema: public; Owner: techstackuser
--

CREATE TABLE public.django_content_type (
    id integer NOT NULL,
    app_label character varying(100) NOT NULL,
    model character varying(100) NOT NULL
);


ALTER TABLE public.django_content_type OWNER TO techstackuser;

--
-- Name: django_content_type_id_seq; Type: SEQUENCE; Schema: public; Owner: techstackuser
--

ALTER TABLE public.django_content_type ALTER COLUMN id ADD GENERATED BY DEFAULT AS IDENTITY (
    SEQUENCE NAME public.django_content_type_id_seq
    START WITH 1
    INCREMENT BY 1
    NO MINVALUE
    NO MAXVALUE
    CACHE 1
);


--
-- Name: django_migrations; Type: TABLE; Schema: public; Owner: techstackuser
--

CREATE TABLE public.django_migrations (
    id bigint NOT NULL,
    app character varying(255) NOT NULL,
    name character varying(255) NOT NULL,
    applied timestamp with time zone NOT NULL
);


ALTER TABLE public.django_migrations OWNER TO techstackuser;

--
-- Name: django_migrations_id_seq; Type: SEQUENCE; Schema: public; Owner: techstackuser
--

ALTER TABLE public.django_migrations ALTER COLUMN id ADD GENERATED BY DEFAULT AS IDENTITY (
    SEQUENCE NAME public.django_migrations_id_seq
    START WITH 1
    INCREMENT BY 1
    NO MINVALUE
    NO MAXVALUE
    CACHE 1
);


--
-- Name: django_session; Type: TABLE; Schema: public; Owner: techstackuser
--

CREATE TABLE public.django_session (
    session_key character varying(40) NOT NULL,
    session_data text NOT NULL,
    expire_date timestamp with time zone NOT NULL
);


ALTER TABLE public.django_session OWNER TO techstackuser;

--
-- Name: main_portfolio_presentation_cv_cventry; Type: TABLE; Schema: public; Owner: techstackuser
--

CREATE TABLE public.main_portfolio_presentation_cv_cventry (
    id bigint NOT NULL,
    job_title character varying(100) NOT NULL,
    company character varying(100) NOT NULL,
    description text NOT NULL,
    start_date date NOT NULL,
    end_date date
);


ALTER TABLE public.main_portfolio_presentation_cv_cventry OWNER TO techstackuser;

--
-- Name: main_portfolio_presentation_cv_cventry_id_seq; Type: SEQUENCE; Schema: public; Owner: techstackuser
--

ALTER TABLE public.main_portfolio_presentation_cv_cventry ALTER COLUMN id ADD GENERATED BY DEFAULT AS IDENTITY (
    SEQUENCE NAME public.main_portfolio_presentation_cv_cventry_id_seq
    START WITH 1
    INCREMENT BY 1
    NO MINVALUE
    NO MAXVALUE
    CACHE 1
);


--
-- Name: main_portfolio_presentation_cv_jobtitle; Type: TABLE; Schema: public; Owner: techstackuser
--

CREATE TABLE public.main_portfolio_presentation_cv_jobtitle (
    id bigint NOT NULL,
    title character varying(100) NOT NULL
);


ALTER TABLE public.main_portfolio_presentation_cv_jobtitle OWNER TO techstackuser;

--
-- Name: main_portfolio_presentation_cv_jobtitle_id_seq; Type: SEQUENCE; Schema: public; Owner: techstackuser
--

ALTER TABLE public.main_portfolio_presentation_cv_jobtitle ALTER COLUMN id ADD GENERATED BY DEFAULT AS IDENTITY (
    SEQUENCE NAME public.main_portfolio_presentation_cv_jobtitle_id_seq
    START WITH 1
    INCREMENT BY 1
    NO MINVALUE
    NO MAXVALUE
    CACHE 1
);


--
-- Name: main_portfolio_presentation_cv_userdata; Type: TABLE; Schema: public; Owner: techstackuser
--

CREATE TABLE public.main_portfolio_presentation_cv_userdata (
    id bigint NOT NULL,
    first_name character varying(100) NOT NULL,
    middle_name character varying(100),
    last_name character varying(100) NOT NULL,
    age integer NOT NULL,
    country character varying(100) NOT NULL,
    job_title_id bigint NOT NULL,
    about_me text NOT NULL,
    bio_picture character varying(100),
    hero_image character varying(100),
    profile_picture character varying(100),
    logo_picture character varying(100)
);


ALTER TABLE public.main_portfolio_presentation_cv_userdata OWNER TO techstackuser;

--
-- Name: main_portfolio_presentation_cv_mainuser_id_seq; Type: SEQUENCE; Schema: public; Owner: techstackuser
--

ALTER TABLE public.main_portfolio_presentation_cv_userdata ALTER COLUMN id ADD GENERATED BY DEFAULT AS IDENTITY (
    SEQUENCE NAME public.main_portfolio_presentation_cv_mainuser_id_seq
    START WITH 1
    INCREMENT BY 1
    NO MINVALUE
    NO MAXVALUE
    CACHE 1
);


--
-- Name: main_portfolio_presentation_cv_userdata_projects; Type: TABLE; Schema: public; Owner: techstackuser
--

CREATE TABLE public.main_portfolio_presentation_cv_userdata_projects (
    id bigint NOT NULL,
    userdata_id bigint NOT NULL,
    projects_id bigint NOT NULL
);


ALTER TABLE public.main_portfolio_presentation_cv_userdata_projects OWNER TO techstackuser;

--
-- Name: main_portfolio_presentation_cv_mainuser_projects_id_seq; Type: SEQUENCE; Schema: public; Owner: techstackuser
--

ALTER TABLE public.main_portfolio_presentation_cv_userdata_projects ALTER COLUMN id ADD GENERATED BY DEFAULT AS IDENTITY (
    SEQUENCE NAME public.main_portfolio_presentation_cv_mainuser_projects_id_seq
    START WITH 1
    INCREMENT BY 1
    NO MINVALUE
    NO MAXVALUE
    CACHE 1
);


--
-- Name: main_portfolio_presentation_cv_userdata_social_link_connect; Type: TABLE; Schema: public; Owner: techstackuser
--

CREATE TABLE public.main_portfolio_presentation_cv_userdata_social_link_connect (
    id bigint NOT NULL,
    userdata_id bigint NOT NULL,
    sociallinkconnect_id bigint NOT NULL
);


ALTER TABLE public.main_portfolio_presentation_cv_userdata_social_link_connect OWNER TO techstackuser;

--
-- Name: main_portfolio_presentation_cv_mainuser_social_link_conn_id_seq; Type: SEQUENCE; Schema: public; Owner: techstackuser
--

ALTER TABLE public.main_portfolio_presentation_cv_userdata_social_link_connect ALTER COLUMN id ADD GENERATED BY DEFAULT AS IDENTITY (
    SEQUENCE NAME public.main_portfolio_presentation_cv_mainuser_social_link_conn_id_seq
    START WITH 1
    INCREMENT BY 1
    NO MINVALUE
    NO MAXVALUE
    CACHE 1
);


--
-- Name: main_portfolio_presentation_cv_userdata_technologies; Type: TABLE; Schema: public; Owner: techstackuser
--

CREATE TABLE public.main_portfolio_presentation_cv_userdata_technologies (
    id bigint NOT NULL,
    userdata_id bigint NOT NULL,
    technologies_id bigint NOT NULL
);


ALTER TABLE public.main_portfolio_presentation_cv_userdata_technologies OWNER TO techstackuser;

--
-- Name: main_portfolio_presentation_cv_mainuser_technologies_id_seq; Type: SEQUENCE; Schema: public; Owner: techstackuser
--

ALTER TABLE public.main_portfolio_presentation_cv_userdata_technologies ALTER COLUMN id ADD GENERATED BY DEFAULT AS IDENTITY (
    SEQUENCE NAME public.main_portfolio_presentation_cv_mainuser_technologies_id_seq
    START WITH 1
    INCREMENT BY 1
    NO MINVALUE
    NO MAXVALUE
    CACHE 1
);


--
-- Name: main_portfolio_presentation_cv_userdata_work_experience; Type: TABLE; Schema: public; Owner: techstackuser
--

CREATE TABLE public.main_portfolio_presentation_cv_userdata_work_experience (
    id bigint NOT NULL,
    userdata_id bigint NOT NULL,
    workexperience_id bigint NOT NULL
);


ALTER TABLE public.main_portfolio_presentation_cv_userdata_work_experience OWNER TO techstackuser;

--
-- Name: main_portfolio_presentation_cv_mainuser_work_experience_id_seq; Type: SEQUENCE; Schema: public; Owner: techstackuser
--

ALTER TABLE public.main_portfolio_presentation_cv_userdata_work_experience ALTER COLUMN id ADD GENERATED BY DEFAULT AS IDENTITY (
    SEQUENCE NAME public.main_portfolio_presentation_cv_mainuser_work_experience_id_seq
    START WITH 1
    INCREMENT BY 1
    NO MINVALUE
    NO MAXVALUE
    CACHE 1
);


--
-- Name: main_portfolio_presentation_cv_portfolio; Type: TABLE; Schema: public; Owner: techstackuser
--

CREATE TABLE public.main_portfolio_presentation_cv_portfolio (
    id bigint NOT NULL,
    user_id integer NOT NULL,
    user_data_id bigint NOT NULL
);


ALTER TABLE public.main_portfolio_presentation_cv_portfolio OWNER TO techstackuser;

--
-- Name: main_portfolio_presentation_cv_portfolio_id_seq; Type: SEQUENCE; Schema: public; Owner: techstackuser
--

ALTER TABLE public.main_portfolio_presentation_cv_portfolio ALTER COLUMN id ADD GENERATED BY DEFAULT AS IDENTITY (
    SEQUENCE NAME public.main_portfolio_presentation_cv_portfolio_id_seq
    START WITH 1
    INCREMENT BY 1
    NO MINVALUE
    NO MAXVALUE
    CACHE 1
);


--
-- Name: main_portfolio_presentation_cv_projects; Type: TABLE; Schema: public; Owner: techstackuser
--

CREATE TABLE public.main_portfolio_presentation_cv_projects (
    id bigint NOT NULL,
    title character varying(100) NOT NULL,
    description text NOT NULL,
    url_name_to_app character varying(100) NOT NULL,
    project_picture character varying(100)
);


ALTER TABLE public.main_portfolio_presentation_cv_projects OWNER TO techstackuser;

--
-- Name: main_portfolio_presentation_cv_projects_id_seq; Type: SEQUENCE; Schema: public; Owner: techstackuser
--

ALTER TABLE public.main_portfolio_presentation_cv_projects ALTER COLUMN id ADD GENERATED BY DEFAULT AS IDENTITY (
    SEQUENCE NAME public.main_portfolio_presentation_cv_projects_id_seq
    START WITH 1
    INCREMENT BY 1
    NO MINVALUE
    NO MAXVALUE
    CACHE 1
);


--
-- Name: main_portfolio_presentation_cv_projects_technologies; Type: TABLE; Schema: public; Owner: techstackuser
--

CREATE TABLE public.main_portfolio_presentation_cv_projects_technologies (
    id bigint NOT NULL,
    projects_id bigint NOT NULL,
    technologies_id bigint NOT NULL
);


ALTER TABLE public.main_portfolio_presentation_cv_projects_technologies OWNER TO techstackuser;

--
-- Name: main_portfolio_presentation_cv_projects_technologies_id_seq; Type: SEQUENCE; Schema: public; Owner: techstackuser
--

ALTER TABLE public.main_portfolio_presentation_cv_projects_technologies ALTER COLUMN id ADD GENERATED BY DEFAULT AS IDENTITY (
    SEQUENCE NAME public.main_portfolio_presentation_cv_projects_technologies_id_seq
    START WITH 1
    INCREMENT BY 1
    NO MINVALUE
    NO MAXVALUE
    CACHE 1
);


--
-- Name: main_portfolio_presentation_cv_sociallinkconnect; Type: TABLE; Schema: public; Owner: techstackuser
--

CREATE TABLE public.main_portfolio_presentation_cv_sociallinkconnect (
    id bigint NOT NULL,
    social_name character varying(100) NOT NULL,
    url character varying(255),
    mail character varying(255)
);


ALTER TABLE public.main_portfolio_presentation_cv_sociallinkconnect OWNER TO techstackuser;

--
-- Name: main_portfolio_presentation_cv_sociallinkconnect_id_seq; Type: SEQUENCE; Schema: public; Owner: techstackuser
--

ALTER TABLE public.main_portfolio_presentation_cv_sociallinkconnect ALTER COLUMN id ADD GENERATED BY DEFAULT AS IDENTITY (
    SEQUENCE NAME public.main_portfolio_presentation_cv_sociallinkconnect_id_seq
    START WITH 1
    INCREMENT BY 1
    NO MINVALUE
    NO MAXVALUE
    CACHE 1
);


--
-- Name: main_portfolio_presentation_cv_technologies; Type: TABLE; Schema: public; Owner: techstackuser
--

CREATE TABLE public.main_portfolio_presentation_cv_technologies (
    id bigint NOT NULL,
    name character varying(100) NOT NULL,
    years_of_experience character varying(100) NOT NULL
);


ALTER TABLE public.main_portfolio_presentation_cv_technologies OWNER TO techstackuser;

--
-- Name: main_portfolio_presentation_cv_technologies_id_seq; Type: SEQUENCE; Schema: public; Owner: techstackuser
--

ALTER TABLE public.main_portfolio_presentation_cv_technologies ALTER COLUMN id ADD GENERATED BY DEFAULT AS IDENTITY (
    SEQUENCE NAME public.main_portfolio_presentation_cv_technologies_id_seq
    START WITH 1
    INCREMENT BY 1
    NO MINVALUE
    NO MAXVALUE
    CACHE 1
);


--
-- Name: main_portfolio_presentation_cv_workexperience; Type: TABLE; Schema: public; Owner: techstackuser
--

CREATE TABLE public.main_portfolio_presentation_cv_workexperience (
    id bigint NOT NULL,
    company_name character varying(100) NOT NULL,
    years_in_company integer NOT NULL,
    start_date date NOT NULL,
    end_date date,
    is_current_work boolean NOT NULL,
    company_logo character varying(100),
    work_position character varying(50) NOT NULL
);


ALTER TABLE public.main_portfolio_presentation_cv_workexperience OWNER TO techstackuser;

--
-- Name: main_portfolio_presentation_cv_workexperience_id_seq; Type: SEQUENCE; Schema: public; Owner: techstackuser
--

ALTER TABLE public.main_portfolio_presentation_cv_workexperience ALTER COLUMN id ADD GENERATED BY DEFAULT AS IDENTITY (
    SEQUENCE NAME public.main_portfolio_presentation_cv_workexperience_id_seq
    START WITH 1
    INCREMENT BY 1
    NO MINVALUE
    NO MAXVALUE
    CACHE 1
);


--
-- Name: main_portfolio_presentation_cv_workexperience_technologies; Type: TABLE; Schema: public; Owner: techstackuser
--

CREATE TABLE public.main_portfolio_presentation_cv_workexperience_technologies (
    id bigint NOT NULL,
    workexperience_id bigint NOT NULL,
    technologies_id bigint NOT NULL
);


ALTER TABLE public.main_portfolio_presentation_cv_workexperience_technologies OWNER TO techstackuser;

--
-- Name: main_portfolio_presentation_cv_workexperience_technologi_id_seq; Type: SEQUENCE; Schema: public; Owner: techstackuser
--

ALTER TABLE public.main_portfolio_presentation_cv_workexperience_technologies ALTER COLUMN id ADD GENERATED BY DEFAULT AS IDENTITY (
    SEQUENCE NAME public.main_portfolio_presentation_cv_workexperience_technologi_id_seq
    START WITH 1
    INCREMENT BY 1
    NO MINVALUE
    NO MAXVALUE
    CACHE 1
);


--
-- Data for Name: auth_group; Type: TABLE DATA; Schema: public; Owner: techstackuser
--

COPY public.auth_group (id, name) FROM stdin;
1	BasicUser
2	BasicAdmin
\.


--
-- Data for Name: auth_group_permissions; Type: TABLE DATA; Schema: public; Owner: techstackuser
--

COPY public.auth_group_permissions (id, group_id, permission_id) FROM stdin;
1	1	17
2	1	18
3	1	19
4	1	20
5	1	25
6	1	26
7	1	27
8	1	28
9	1	29
10	1	30
11	1	31
12	1	32
13	1	33
14	1	34
15	1	35
16	1	36
17	1	37
18	1	38
19	1	39
20	1	40
21	1	41
22	1	42
23	1	43
24	1	44
25	1	45
26	1	46
27	1	47
28	1	48
29	1	49
30	1	50
31	1	51
32	1	52
33	2	1
34	2	2
35	2	3
36	2	4
37	2	5
38	2	6
39	2	7
40	2	8
41	2	9
42	2	10
43	2	11
44	2	12
45	2	13
46	2	14
47	2	15
48	2	16
49	2	17
50	2	18
51	2	19
52	2	20
53	2	21
54	2	22
55	2	23
56	2	24
57	2	25
58	2	26
59	2	27
60	2	28
61	2	29
62	2	30
63	2	31
64	2	32
65	2	33
66	2	34
67	2	35
68	2	36
69	2	37
70	2	38
71	2	39
72	2	40
73	2	41
74	2	42
75	2	43
76	2	44
77	2	45
78	2	46
79	2	47
80	2	48
81	2	49
82	2	50
83	2	51
84	2	52
\.


--
-- Data for Name: auth_permission; Type: TABLE DATA; Schema: public; Owner: techstackuser
--

COPY public.auth_permission (id, name, content_type_id, codename) FROM stdin;
1	Can add log entry	1	add_logentry
2	Can change log entry	1	change_logentry
3	Can delete log entry	1	delete_logentry
4	Can view log entry	1	view_logentry
5	Can add permission	2	add_permission
6	Can change permission	2	change_permission
7	Can delete permission	2	delete_permission
8	Can view permission	2	view_permission
9	Can add group	3	add_group
10	Can change group	3	change_group
11	Can delete group	3	delete_group
12	Can view group	3	view_group
13	Can add user	4	add_user
14	Can change user	4	change_user
15	Can delete user	4	delete_user
16	Can view user	4	view_user
17	Can add content type	5	add_contenttype
18	Can change content type	5	change_contenttype
19	Can delete content type	5	delete_contenttype
20	Can view content type	5	view_contenttype
21	Can add session	6	add_session
22	Can change session	6	change_session
23	Can delete session	6	delete_session
24	Can view session	6	view_session
25	Can add cv entry	7	add_cventry
26	Can change cv entry	7	change_cventry
27	Can delete cv entry	7	delete_cventry
28	Can view cv entry	7	view_cventry
29	Can add job title	8	add_jobtitle
30	Can change job title	8	change_jobtitle
31	Can delete job title	8	delete_jobtitle
32	Can view job title	8	view_jobtitle
33	Can add social link connect	9	add_sociallinkconnect
34	Can change social link connect	9	change_sociallinkconnect
35	Can delete social link connect	9	delete_sociallinkconnect
36	Can view social link connect	9	view_sociallinkconnect
37	Can add technologies	10	add_technologies
38	Can change technologies	10	change_technologies
39	Can delete technologies	10	delete_technologies
40	Can view technologies	10	view_technologies
41	Can add work experience	11	add_workexperience
42	Can change work experience	11	change_workexperience
43	Can delete work experience	11	delete_workexperience
44	Can view work experience	11	view_workexperience
45	Can add main user	12	add_mainuser
46	Can change main user	12	change_mainuser
47	Can delete main user	12	delete_mainuser
48	Can view main user	12	view_mainuser
49	Can add projects	13	add_projects
50	Can change projects	13	change_projects
51	Can delete projects	13	delete_projects
52	Can view projects	13	view_projects
53	Can add user data	12	add_userdata
54	Can change user data	12	change_userdata
55	Can delete user data	12	delete_userdata
56	Can view user data	12	view_userdata
57	Can add portfolio	14	add_portfolio
58	Can change portfolio	14	change_portfolio
59	Can delete portfolio	14	delete_portfolio
60	Can view portfolio	14	view_portfolio
\.


--
-- Data for Name: auth_user; Type: TABLE DATA; Schema: public; Owner: techstackuser
--

COPY public.auth_user (id, password, last_login, is_superuser, username, first_name, last_name, email, is_staff, is_active, date_joined) FROM stdin;
1	pbkdf2_sha256$870000$FSI7dXYtANYYKcvABDDhnI$hqzRzcAtal7w/NivpTnJvL5MKGNw5Sms1KuHRmiubwI=	2024-11-02 01:24:27.646347+00	t	alberto	Alberto	Magrini	alberto.javier.magrini@gmail.com	t	t	2024-10-27 22:52:34+00
\.


--
-- Data for Name: auth_user_groups; Type: TABLE DATA; Schema: public; Owner: techstackuser
--

COPY public.auth_user_groups (id, user_id, group_id) FROM stdin;
1	1	2
\.


--
-- Data for Name: auth_user_user_permissions; Type: TABLE DATA; Schema: public; Owner: techstackuser
--

COPY public.auth_user_user_permissions (id, user_id, permission_id) FROM stdin;
\.


--
-- Data for Name: django_admin_log; Type: TABLE DATA; Schema: public; Owner: techstackuser
--

COPY public.django_admin_log (id, action_time, object_id, object_repr, action_flag, change_message, content_type_id, user_id) FROM stdin;
1	2024-10-28 18:44:38.62613+00	1	Python	1	[{"added": {}}]	10	1
2	2024-10-28 18:44:47.933186+00	2	JavaScript	1	[{"added": {}}]	10	1
3	2024-10-28 18:44:59.477798+00	3	Django	1	[{"added": {}}]	10	1
4	2024-10-28 18:45:08.287011+00	4	Django REST API	1	[{"added": {}}]	10	1
5	2024-10-28 18:45:11.930961+00	5	Rust	1	[{"added": {}}]	10	1
6	2024-10-28 18:46:11.830385+00	1	Kenwin - 2 years	1	[{"added": {}}]	11	1
7	2024-10-28 18:58:17.526896+00	2	Next Power Capital - 2 years	1	[{"added": {}}]	11	1
8	2024-10-28 18:58:55.354202+00	1	Linkedin - http://www.linkeding.com - A@A.com	1	[{"added": {}}]	9	1
9	2024-10-28 18:59:06.616601+00	1	Ssr Software Developer	1	[{"added": {}}]	8	1
10	2024-10-28 18:59:36.237557+00	1	Alberto Magrini	1	[{"added": {}}]	12	1
11	2024-10-29 22:05:42.607516+00	1	Alberto Magrini	2	[{"changed": {"fields": ["Bio picture", "Hero image", "Profile picture"]}}]	12	1
12	2024-10-29 22:08:07.229368+00	1	Alberto Magrini	2	[{"changed": {"fields": ["About me"]}}]	12	1
13	2024-10-29 23:14:12.514495+00	6	Docker	1	[{"added": {}}]	10	1
14	2024-10-29 23:14:25.037467+00	7	tech_1	1	[{"added": {}}]	10	1
15	2024-10-29 23:14:29.635154+00	8	tec_2	1	[{"added": {}}]	10	1
16	2024-10-29 23:14:36.44846+00	9	tech_10	1	[{"added": {}}]	10	1
17	2024-10-29 23:14:48.393393+00	9	tech_10	2	[{"changed": {"fields": ["Years of experience"]}}]	10	1
18	2024-10-29 23:14:59.457157+00	1	Alberto Magrini	2	[{"changed": {"fields": ["Technologies"]}}]	12	1
19	2024-10-29 23:54:30.232915+00	10	valorant	1	[{"added": {}}]	10	1
20	2024-10-29 23:54:40.33503+00	11	linux	1	[{"added": {}}]	10	1
21	2024-10-29 23:54:44.46985+00	1	Alberto Magrini	2	[{"changed": {"fields": ["Technologies"]}}]	12	1
22	2024-10-30 18:20:55.307547+00	1	Inventory Management - Inventory - main_portfolio_presentation_cv.Technologies.None	1	[{"added": {}}]	13	1
23	2024-10-30 18:21:02.725667+00	1	Inventory Management - Inventory system - main_portfolio_presentation_cv.Technologies.None	2	[{"changed": {"fields": ["Description"]}}]	13	1
24	2024-10-30 18:21:11.133886+00	1	Alberto Magrini	2	[{"changed": {"fields": ["Projects"]}}]	12	1
25	2024-10-30 18:43:01.550668+00	1	Inventory Management - Inventory system - main_portfolio_presentation_cv.Technologies.None	2	[{"changed": {"fields": ["Url name to app"]}}]	13	1
26	2024-11-01 17:41:37.734031+00	1	BasicUser	1	[{"added": {}}]	3	1
27	2024-11-01 17:41:47.624522+00	2	BasicAdmin	1	[{"added": {}}]	3	1
28	2024-11-01 18:41:46.447874+00	1	Portfolio object (1)	1	[{"added": {}}]	14	1
29	2024-11-01 18:46:49.289424+00	1	alberto	2	[{"changed": {"fields": ["Groups"]}}]	4	1
30	2024-11-01 18:46:59.95458+00	1	alberto	2	[{"changed": {"fields": ["First name", "Last name"]}}]	4	1
\.


--
-- Data for Name: django_content_type; Type: TABLE DATA; Schema: public; Owner: techstackuser
--

COPY public.django_content_type (id, app_label, model) FROM stdin;
1	admin	logentry
2	auth	permission
3	auth	group
4	auth	user
5	contenttypes	contenttype
6	sessions	session
7	main_portfolio_presentation_cv	cventry
8	main_portfolio_presentation_cv	jobtitle
9	main_portfolio_presentation_cv	sociallinkconnect
10	main_portfolio_presentation_cv	technologies
11	main_portfolio_presentation_cv	workexperience
13	main_portfolio_presentation_cv	projects
12	main_portfolio_presentation_cv	userdata
14	main_portfolio_presentation_cv	portfolio
\.


--
-- Data for Name: django_migrations; Type: TABLE DATA; Schema: public; Owner: techstackuser
--

COPY public.django_migrations (id, app, name, applied) FROM stdin;
1	contenttypes	0001_initial	2024-10-27 22:51:52.870259+00
2	auth	0001_initial	2024-10-27 22:51:52.917156+00
3	admin	0001_initial	2024-10-27 22:51:52.935415+00
4	admin	0002_logentry_remove_auto_add	2024-10-27 22:51:52.944715+00
5	admin	0003_logentry_add_action_flag_choices	2024-10-27 22:51:52.954+00
6	contenttypes	0002_remove_content_type_name	2024-10-27 22:51:52.973504+00
7	auth	0002_alter_permission_name_max_length	2024-10-27 22:51:52.983732+00
8	auth	0003_alter_user_email_max_length	2024-10-27 22:51:52.993173+00
9	auth	0004_alter_user_username_opts	2024-10-27 22:51:53.005278+00
10	auth	0005_alter_user_last_login_null	2024-10-27 22:51:53.015423+00
11	auth	0006_require_contenttypes_0002	2024-10-27 22:51:53.017738+00
12	auth	0007_alter_validators_add_error_messages	2024-10-27 22:51:53.025657+00
13	auth	0008_alter_user_username_max_length	2024-10-27 22:51:53.036931+00
14	auth	0009_alter_user_last_name_max_length	2024-10-27 22:51:53.046315+00
15	auth	0010_alter_group_name_max_length	2024-10-27 22:51:53.056954+00
16	auth	0011_update_proxy_permissions	2024-10-27 22:51:53.064612+00
17	auth	0012_alter_user_first_name_max_length	2024-10-27 22:51:53.0744+00
18	sessions	0001_initial	2024-10-27 22:51:53.084462+00
20	main_portfolio_presentation_cv	0001_initial	2024-10-28 18:08:14.074267+00
21	main_portfolio_presentation_cv	0002_alter_sociallinkconnect_mail_and_more	2024-10-28 19:34:51.531821+00
22	main_portfolio_presentation_cv	0003_mainuser_about_me_mainuser_bio_picture_and_more	2024-10-29 22:04:24.114695+00
23	main_portfolio_presentation_cv	0004_mainuser_logo_picture	2024-10-29 22:56:42.98172+00
24	main_portfolio_presentation_cv	0005_workexperience_company_logo_and_more	2024-10-30 17:59:09.95137+00
25	main_portfolio_presentation_cv	0006_projects_mainuser_projects	2024-10-30 18:18:28.734351+00
26	main_portfolio_presentation_cv	0007_rename_mainuser_userdata_portfolio	2024-11-01 18:41:20.775683+00
\.


--
-- Data for Name: django_session; Type: TABLE DATA; Schema: public; Owner: techstackuser
--

COPY public.django_session (session_key, session_data, expire_date) FROM stdin;
kfj9qtewb9f1dvbfk9uiksigfjhtomnb	.eJxVjEEOwiAQRe_C2hAGnCG4dO8ZyBSmUjWQlHZlvLtt0oVu_3vvv1XkdSlx7TLHKauLAnX63QZOT6k7yA-u96ZTq8s8DXpX9EG7vrUsr-vh_h0U7mWrySVxgJwwiORsTfBg2YEj6xiFbEIgyIGDHzdhJGMJQwoMxp7Zo_p8AdnLN2s:1t72sN:00GvSbz4xNUjdAKb27zm1R1Lz0nd8ncOekFTKzwvRNY	2024-11-16 01:24:27.648896+00
\.


--
-- Data for Name: main_portfolio_presentation_cv_cventry; Type: TABLE DATA; Schema: public; Owner: techstackuser
--

COPY public.main_portfolio_presentation_cv_cventry (id, job_title, company, description, start_date, end_date) FROM stdin;
1	sadsad	asdasd	asdadssad	2020-03-01	2020-03-01
\.


--
-- Data for Name: main_portfolio_presentation_cv_jobtitle; Type: TABLE DATA; Schema: public; Owner: techstackuser
--

COPY public.main_portfolio_presentation_cv_jobtitle (id, title) FROM stdin;
1	Ssr Software Developer
\.


--
-- Data for Name: main_portfolio_presentation_cv_portfolio; Type: TABLE DATA; Schema: public; Owner: techstackuser
--

COPY public.main_portfolio_presentation_cv_portfolio (id, user_id, user_data_id) FROM stdin;
1	1	1
\.


--
-- Data for Name: main_portfolio_presentation_cv_projects; Type: TABLE DATA; Schema: public; Owner: techstackuser
--

COPY public.main_portfolio_presentation_cv_projects (id, title, description, url_name_to_app, project_picture) FROM stdin;
1	Inventory Management	Inventory system	inventory_management_system	project_pictures/Screen_Shot_2024-09-04_at_19.25.09.png
\.


--
-- Data for Name: main_portfolio_presentation_cv_projects_technologies; Type: TABLE DATA; Schema: public; Owner: techstackuser
--

COPY public.main_portfolio_presentation_cv_projects_technologies (id, projects_id, technologies_id) FROM stdin;
1	1	1
2	1	3
3	1	6
\.


--
-- Data for Name: main_portfolio_presentation_cv_sociallinkconnect; Type: TABLE DATA; Schema: public; Owner: techstackuser
--

COPY public.main_portfolio_presentation_cv_sociallinkconnect (id, social_name, url, mail) FROM stdin;
1	Linkedin	http://www.linkeding.com	A@A.com
\.


--
-- Data for Name: main_portfolio_presentation_cv_technologies; Type: TABLE DATA; Schema: public; Owner: techstackuser
--

COPY public.main_portfolio_presentation_cv_technologies (id, name, years_of_experience) FROM stdin;
1	Python	4
2	JavaScript	2
3	Django	4
4	Django REST API	2
5	Rust	2
6	Docker	4
7	tech_1	5
8	tec_2	3
9	tech_10	6
10	valorant	9
11	linux	5
\.


--
-- Data for Name: main_portfolio_presentation_cv_userdata; Type: TABLE DATA; Schema: public; Owner: techstackuser
--

COPY public.main_portfolio_presentation_cv_userdata (id, first_name, middle_name, last_name, age, country, job_title_id, about_me, bio_picture, hero_image, profile_picture, logo_picture) FROM stdin;
1	Alberto	Javier	Magrini	30	Argentina	1	Here’s a brief bio about the user. For instance is a professional with experience in .\r\nSome more sample text about your background, skills, and interests. Make it concise and engaging to give visitors an overview of your experience and expertise.	bio_images/profile_picture.jpg	hero_images/profile_picture.jpg	profile_images/profile_picture.jpg	
\.


--
-- Data for Name: main_portfolio_presentation_cv_userdata_projects; Type: TABLE DATA; Schema: public; Owner: techstackuser
--

COPY public.main_portfolio_presentation_cv_userdata_projects (id, userdata_id, projects_id) FROM stdin;
1	1	1
\.


--
-- Data for Name: main_portfolio_presentation_cv_userdata_social_link_connect; Type: TABLE DATA; Schema: public; Owner: techstackuser
--

COPY public.main_portfolio_presentation_cv_userdata_social_link_connect (id, userdata_id, sociallinkconnect_id) FROM stdin;
1	1	1
\.


--
-- Data for Name: main_portfolio_presentation_cv_userdata_technologies; Type: TABLE DATA; Schema: public; Owner: techstackuser
--

COPY public.main_portfolio_presentation_cv_userdata_technologies (id, userdata_id, technologies_id) FROM stdin;
1	1	1
2	1	2
3	1	3
4	1	4
5	1	5
6	1	8
7	1	9
8	1	6
9	1	7
10	1	10
11	1	11
\.


--
-- Data for Name: main_portfolio_presentation_cv_userdata_work_experience; Type: TABLE DATA; Schema: public; Owner: techstackuser
--

COPY public.main_portfolio_presentation_cv_userdata_work_experience (id, userdata_id, workexperience_id) FROM stdin;
1	1	1
2	1	2
\.


--
-- Data for Name: main_portfolio_presentation_cv_workexperience; Type: TABLE DATA; Schema: public; Owner: techstackuser
--

COPY public.main_portfolio_presentation_cv_workexperience (id, company_name, years_in_company, start_date, end_date, is_current_work, company_logo, work_position) FROM stdin;
1	Kenwin	2	2024-10-02	2024-10-28	f	\N	
2	Next Power Capital	2	2024-10-26	2024-10-28	f	\N	
\.


--
-- Data for Name: main_portfolio_presentation_cv_workexperience_technologies; Type: TABLE DATA; Schema: public; Owner: techstackuser
--

COPY public.main_portfolio_presentation_cv_workexperience_technologies (id, workexperience_id, technologies_id) FROM stdin;
1	1	1
2	1	2
3	1	3
4	1	4
5	1	5
6	2	1
7	2	2
8	2	3
9	2	4
10	2	5
\.


--
-- Name: auth_group_id_seq; Type: SEQUENCE SET; Schema: public; Owner: techstackuser
--

SELECT pg_catalog.setval('public.auth_group_id_seq', 2, true);


--
-- Name: auth_group_permissions_id_seq; Type: SEQUENCE SET; Schema: public; Owner: techstackuser
--

SELECT pg_catalog.setval('public.auth_group_permissions_id_seq', 84, true);


--
-- Name: auth_permission_id_seq; Type: SEQUENCE SET; Schema: public; Owner: techstackuser
--

SELECT pg_catalog.setval('public.auth_permission_id_seq', 60, true);


--
-- Name: auth_user_groups_id_seq; Type: SEQUENCE SET; Schema: public; Owner: techstackuser
--

SELECT pg_catalog.setval('public.auth_user_groups_id_seq', 1, true);


--
-- Name: auth_user_id_seq; Type: SEQUENCE SET; Schema: public; Owner: techstackuser
--

SELECT pg_catalog.setval('public.auth_user_id_seq', 1, true);


--
-- Name: auth_user_user_permissions_id_seq; Type: SEQUENCE SET; Schema: public; Owner: techstackuser
--

SELECT pg_catalog.setval('public.auth_user_user_permissions_id_seq', 1, false);


--
-- Name: django_admin_log_id_seq; Type: SEQUENCE SET; Schema: public; Owner: techstackuser
--

SELECT pg_catalog.setval('public.django_admin_log_id_seq', 30, true);


--
-- Name: django_content_type_id_seq; Type: SEQUENCE SET; Schema: public; Owner: techstackuser
--

SELECT pg_catalog.setval('public.django_content_type_id_seq', 14, true);


--
-- Name: django_migrations_id_seq; Type: SEQUENCE SET; Schema: public; Owner: techstackuser
--

SELECT pg_catalog.setval('public.django_migrations_id_seq', 26, true);


--
-- Name: main_portfolio_presentation_cv_cventry_id_seq; Type: SEQUENCE SET; Schema: public; Owner: techstackuser
--

SELECT pg_catalog.setval('public.main_portfolio_presentation_cv_cventry_id_seq', 1, true);


--
-- Name: main_portfolio_presentation_cv_jobtitle_id_seq; Type: SEQUENCE SET; Schema: public; Owner: techstackuser
--

SELECT pg_catalog.setval('public.main_portfolio_presentation_cv_jobtitle_id_seq', 1, true);


--
-- Name: main_portfolio_presentation_cv_mainuser_id_seq; Type: SEQUENCE SET; Schema: public; Owner: techstackuser
--

SELECT pg_catalog.setval('public.main_portfolio_presentation_cv_mainuser_id_seq', 1, true);


--
-- Name: main_portfolio_presentation_cv_mainuser_projects_id_seq; Type: SEQUENCE SET; Schema: public; Owner: techstackuser
--

SELECT pg_catalog.setval('public.main_portfolio_presentation_cv_mainuser_projects_id_seq', 1, true);


--
-- Name: main_portfolio_presentation_cv_mainuser_social_link_conn_id_seq; Type: SEQUENCE SET; Schema: public; Owner: techstackuser
--

SELECT pg_catalog.setval('public.main_portfolio_presentation_cv_mainuser_social_link_conn_id_seq', 1, true);


--
-- Name: main_portfolio_presentation_cv_mainuser_technologies_id_seq; Type: SEQUENCE SET; Schema: public; Owner: techstackuser
--

SELECT pg_catalog.setval('public.main_portfolio_presentation_cv_mainuser_technologies_id_seq', 11, true);


--
-- Name: main_portfolio_presentation_cv_mainuser_work_experience_id_seq; Type: SEQUENCE SET; Schema: public; Owner: techstackuser
--

SELECT pg_catalog.setval('public.main_portfolio_presentation_cv_mainuser_work_experience_id_seq', 2, true);


--
-- Name: main_portfolio_presentation_cv_portfolio_id_seq; Type: SEQUENCE SET; Schema: public; Owner: techstackuser
--

SELECT pg_catalog.setval('public.main_portfolio_presentation_cv_portfolio_id_seq', 1, true);


--
-- Name: main_portfolio_presentation_cv_projects_id_seq; Type: SEQUENCE SET; Schema: public; Owner: techstackuser
--

SELECT pg_catalog.setval('public.main_portfolio_presentation_cv_projects_id_seq', 1, true);


--
-- Name: main_portfolio_presentation_cv_projects_technologies_id_seq; Type: SEQUENCE SET; Schema: public; Owner: techstackuser
--

SELECT pg_catalog.setval('public.main_portfolio_presentation_cv_projects_technologies_id_seq', 3, true);


--
-- Name: main_portfolio_presentation_cv_sociallinkconnect_id_seq; Type: SEQUENCE SET; Schema: public; Owner: techstackuser
--

SELECT pg_catalog.setval('public.main_portfolio_presentation_cv_sociallinkconnect_id_seq', 1, true);


--
-- Name: main_portfolio_presentation_cv_technologies_id_seq; Type: SEQUENCE SET; Schema: public; Owner: techstackuser
--

SELECT pg_catalog.setval('public.main_portfolio_presentation_cv_technologies_id_seq', 11, true);


--
-- Name: main_portfolio_presentation_cv_workexperience_id_seq; Type: SEQUENCE SET; Schema: public; Owner: techstackuser
--

SELECT pg_catalog.setval('public.main_portfolio_presentation_cv_workexperience_id_seq', 2, true);


--
-- Name: main_portfolio_presentation_cv_workexperience_technologi_id_seq; Type: SEQUENCE SET; Schema: public; Owner: techstackuser
--

SELECT pg_catalog.setval('public.main_portfolio_presentation_cv_workexperience_technologi_id_seq', 10, true);


--
-- Name: auth_group auth_group_name_key; Type: CONSTRAINT; Schema: public; Owner: techstackuser
--

ALTER TABLE ONLY public.auth_group
    ADD CONSTRAINT auth_group_name_key UNIQUE (name);


--
-- Name: auth_group_permissions auth_group_permissions_group_id_permission_id_0cd325b0_uniq; Type: CONSTRAINT; Schema: public; Owner: techstackuser
--

ALTER TABLE ONLY public.auth_group_permissions
    ADD CONSTRAINT auth_group_permissions_group_id_permission_id_0cd325b0_uniq UNIQUE (group_id, permission_id);


--
-- Name: auth_group_permissions auth_group_permissions_pkey; Type: CONSTRAINT; Schema: public; Owner: techstackuser
--

ALTER TABLE ONLY public.auth_group_permissions
    ADD CONSTRAINT auth_group_permissions_pkey PRIMARY KEY (id);


--
-- Name: auth_group auth_group_pkey; Type: CONSTRAINT; Schema: public; Owner: techstackuser
--

ALTER TABLE ONLY public.auth_group
    ADD CONSTRAINT auth_group_pkey PRIMARY KEY (id);


--
-- Name: auth_permission auth_permission_content_type_id_codename_01ab375a_uniq; Type: CONSTRAINT; Schema: public; Owner: techstackuser
--

ALTER TABLE ONLY public.auth_permission
    ADD CONSTRAINT auth_permission_content_type_id_codename_01ab375a_uniq UNIQUE (content_type_id, codename);


--
-- Name: auth_permission auth_permission_pkey; Type: CONSTRAINT; Schema: public; Owner: techstackuser
--

ALTER TABLE ONLY public.auth_permission
    ADD CONSTRAINT auth_permission_pkey PRIMARY KEY (id);


--
-- Name: auth_user_groups auth_user_groups_pkey; Type: CONSTRAINT; Schema: public; Owner: techstackuser
--

ALTER TABLE ONLY public.auth_user_groups
    ADD CONSTRAINT auth_user_groups_pkey PRIMARY KEY (id);


--
-- Name: auth_user_groups auth_user_groups_user_id_group_id_94350c0c_uniq; Type: CONSTRAINT; Schema: public; Owner: techstackuser
--

ALTER TABLE ONLY public.auth_user_groups
    ADD CONSTRAINT auth_user_groups_user_id_group_id_94350c0c_uniq UNIQUE (user_id, group_id);


--
-- Name: auth_user auth_user_pkey; Type: CONSTRAINT; Schema: public; Owner: techstackuser
--

ALTER TABLE ONLY public.auth_user
    ADD CONSTRAINT auth_user_pkey PRIMARY KEY (id);


--
-- Name: auth_user_user_permissions auth_user_user_permissions_pkey; Type: CONSTRAINT; Schema: public; Owner: techstackuser
--

ALTER TABLE ONLY public.auth_user_user_permissions
    ADD CONSTRAINT auth_user_user_permissions_pkey PRIMARY KEY (id);


--
-- Name: auth_user_user_permissions auth_user_user_permissions_user_id_permission_id_14a6b632_uniq; Type: CONSTRAINT; Schema: public; Owner: techstackuser
--

ALTER TABLE ONLY public.auth_user_user_permissions
    ADD CONSTRAINT auth_user_user_permissions_user_id_permission_id_14a6b632_uniq UNIQUE (user_id, permission_id);


--
-- Name: auth_user auth_user_username_key; Type: CONSTRAINT; Schema: public; Owner: techstackuser
--

ALTER TABLE ONLY public.auth_user
    ADD CONSTRAINT auth_user_username_key UNIQUE (username);


--
-- Name: django_admin_log django_admin_log_pkey; Type: CONSTRAINT; Schema: public; Owner: techstackuser
--

ALTER TABLE ONLY public.django_admin_log
    ADD CONSTRAINT django_admin_log_pkey PRIMARY KEY (id);


--
-- Name: django_content_type django_content_type_app_label_model_76bd3d3b_uniq; Type: CONSTRAINT; Schema: public; Owner: techstackuser
--

ALTER TABLE ONLY public.django_content_type
    ADD CONSTRAINT django_content_type_app_label_model_76bd3d3b_uniq UNIQUE (app_label, model);


--
-- Name: django_content_type django_content_type_pkey; Type: CONSTRAINT; Schema: public; Owner: techstackuser
--

ALTER TABLE ONLY public.django_content_type
    ADD CONSTRAINT django_content_type_pkey PRIMARY KEY (id);


--
-- Name: django_migrations django_migrations_pkey; Type: CONSTRAINT; Schema: public; Owner: techstackuser
--

ALTER TABLE ONLY public.django_migrations
    ADD CONSTRAINT django_migrations_pkey PRIMARY KEY (id);


--
-- Name: django_session django_session_pkey; Type: CONSTRAINT; Schema: public; Owner: techstackuser
--

ALTER TABLE ONLY public.django_session
    ADD CONSTRAINT django_session_pkey PRIMARY KEY (session_key);


--
-- Name: main_portfolio_presentation_cv_userdata_projects main_portfolio_presentat_mainuser_id_projects_id_27d8ab29_uniq; Type: CONSTRAINT; Schema: public; Owner: techstackuser
--

ALTER TABLE ONLY public.main_portfolio_presentation_cv_userdata_projects
    ADD CONSTRAINT main_portfolio_presentat_mainuser_id_projects_id_27d8ab29_uniq UNIQUE (userdata_id, projects_id);


--
-- Name: main_portfolio_presentation_cv_userdata_social_link_connect main_portfolio_presentat_mainuser_id_sociallinkco_719f1e0f_uniq; Type: CONSTRAINT; Schema: public; Owner: techstackuser
--

ALTER TABLE ONLY public.main_portfolio_presentation_cv_userdata_social_link_connect
    ADD CONSTRAINT main_portfolio_presentat_mainuser_id_sociallinkco_719f1e0f_uniq UNIQUE (userdata_id, sociallinkconnect_id);


--
-- Name: main_portfolio_presentation_cv_userdata_technologies main_portfolio_presentat_mainuser_id_technologies_6961b04b_uniq; Type: CONSTRAINT; Schema: public; Owner: techstackuser
--

ALTER TABLE ONLY public.main_portfolio_presentation_cv_userdata_technologies
    ADD CONSTRAINT main_portfolio_presentat_mainuser_id_technologies_6961b04b_uniq UNIQUE (userdata_id, technologies_id);


--
-- Name: main_portfolio_presentation_cv_userdata_work_experience main_portfolio_presentat_mainuser_id_workexperien_d2536908_uniq; Type: CONSTRAINT; Schema: public; Owner: techstackuser
--

ALTER TABLE ONLY public.main_portfolio_presentation_cv_userdata_work_experience
    ADD CONSTRAINT main_portfolio_presentat_mainuser_id_workexperien_d2536908_uniq UNIQUE (userdata_id, workexperience_id);


--
-- Name: main_portfolio_presentation_cv_projects_technologies main_portfolio_presentat_projects_id_technologies_d2be75c7_uniq; Type: CONSTRAINT; Schema: public; Owner: techstackuser
--

ALTER TABLE ONLY public.main_portfolio_presentation_cv_projects_technologies
    ADD CONSTRAINT main_portfolio_presentat_projects_id_technologies_d2be75c7_uniq UNIQUE (projects_id, technologies_id);


--
-- Name: main_portfolio_presentation_cv_workexperience_technologies main_portfolio_presentat_workexperience_id_techno_037a326b_uniq; Type: CONSTRAINT; Schema: public; Owner: techstackuser
--

ALTER TABLE ONLY public.main_portfolio_presentation_cv_workexperience_technologies
    ADD CONSTRAINT main_portfolio_presentat_workexperience_id_techno_037a326b_uniq UNIQUE (workexperience_id, technologies_id);


--
-- Name: main_portfolio_presentation_cv_cventry main_portfolio_presentation_cv_cventry_pkey; Type: CONSTRAINT; Schema: public; Owner: techstackuser
--

ALTER TABLE ONLY public.main_portfolio_presentation_cv_cventry
    ADD CONSTRAINT main_portfolio_presentation_cv_cventry_pkey PRIMARY KEY (id);


--
-- Name: main_portfolio_presentation_cv_jobtitle main_portfolio_presentation_cv_jobtitle_pkey; Type: CONSTRAINT; Schema: public; Owner: techstackuser
--

ALTER TABLE ONLY public.main_portfolio_presentation_cv_jobtitle
    ADD CONSTRAINT main_portfolio_presentation_cv_jobtitle_pkey PRIMARY KEY (id);


--
-- Name: main_portfolio_presentation_cv_userdata main_portfolio_presentation_cv_mainuser_pkey; Type: CONSTRAINT; Schema: public; Owner: techstackuser
--

ALTER TABLE ONLY public.main_portfolio_presentation_cv_userdata
    ADD CONSTRAINT main_portfolio_presentation_cv_mainuser_pkey PRIMARY KEY (id);


--
-- Name: main_portfolio_presentation_cv_userdata_projects main_portfolio_presentation_cv_mainuser_projects_pkey; Type: CONSTRAINT; Schema: public; Owner: techstackuser
--

ALTER TABLE ONLY public.main_portfolio_presentation_cv_userdata_projects
    ADD CONSTRAINT main_portfolio_presentation_cv_mainuser_projects_pkey PRIMARY KEY (id);


--
-- Name: main_portfolio_presentation_cv_userdata_social_link_connect main_portfolio_presentation_cv_mainuser_social_link_connec_pkey; Type: CONSTRAINT; Schema: public; Owner: techstackuser
--

ALTER TABLE ONLY public.main_portfolio_presentation_cv_userdata_social_link_connect
    ADD CONSTRAINT main_portfolio_presentation_cv_mainuser_social_link_connec_pkey PRIMARY KEY (id);


--
-- Name: main_portfolio_presentation_cv_userdata_technologies main_portfolio_presentation_cv_mainuser_technologies_pkey; Type: CONSTRAINT; Schema: public; Owner: techstackuser
--

ALTER TABLE ONLY public.main_portfolio_presentation_cv_userdata_technologies
    ADD CONSTRAINT main_portfolio_presentation_cv_mainuser_technologies_pkey PRIMARY KEY (id);


--
-- Name: main_portfolio_presentation_cv_userdata_work_experience main_portfolio_presentation_cv_mainuser_work_experience_pkey; Type: CONSTRAINT; Schema: public; Owner: techstackuser
--

ALTER TABLE ONLY public.main_portfolio_presentation_cv_userdata_work_experience
    ADD CONSTRAINT main_portfolio_presentation_cv_mainuser_work_experience_pkey PRIMARY KEY (id);


--
-- Name: main_portfolio_presentation_cv_portfolio main_portfolio_presentation_cv_portfolio_pkey; Type: CONSTRAINT; Schema: public; Owner: techstackuser
--

ALTER TABLE ONLY public.main_portfolio_presentation_cv_portfolio
    ADD CONSTRAINT main_portfolio_presentation_cv_portfolio_pkey PRIMARY KEY (id);


--
-- Name: main_portfolio_presentation_cv_projects main_portfolio_presentation_cv_projects_pkey; Type: CONSTRAINT; Schema: public; Owner: techstackuser
--

ALTER TABLE ONLY public.main_portfolio_presentation_cv_projects
    ADD CONSTRAINT main_portfolio_presentation_cv_projects_pkey PRIMARY KEY (id);


--
-- Name: main_portfolio_presentation_cv_projects_technologies main_portfolio_presentation_cv_projects_technologies_pkey; Type: CONSTRAINT; Schema: public; Owner: techstackuser
--

ALTER TABLE ONLY public.main_portfolio_presentation_cv_projects_technologies
    ADD CONSTRAINT main_portfolio_presentation_cv_projects_technologies_pkey PRIMARY KEY (id);


--
-- Name: main_portfolio_presentation_cv_sociallinkconnect main_portfolio_presentation_cv_sociallinkconnect_pkey; Type: CONSTRAINT; Schema: public; Owner: techstackuser
--

ALTER TABLE ONLY public.main_portfolio_presentation_cv_sociallinkconnect
    ADD CONSTRAINT main_portfolio_presentation_cv_sociallinkconnect_pkey PRIMARY KEY (id);


--
-- Name: main_portfolio_presentation_cv_technologies main_portfolio_presentation_cv_technologies_pkey; Type: CONSTRAINT; Schema: public; Owner: techstackuser
--

ALTER TABLE ONLY public.main_portfolio_presentation_cv_technologies
    ADD CONSTRAINT main_portfolio_presentation_cv_technologies_pkey PRIMARY KEY (id);


--
-- Name: main_portfolio_presentation_cv_workexperience main_portfolio_presentation_cv_workexperience_pkey; Type: CONSTRAINT; Schema: public; Owner: techstackuser
--

ALTER TABLE ONLY public.main_portfolio_presentation_cv_workexperience
    ADD CONSTRAINT main_portfolio_presentation_cv_workexperience_pkey PRIMARY KEY (id);


--
-- Name: main_portfolio_presentation_cv_workexperience_technologies main_portfolio_presentation_cv_workexperience_technologies_pkey; Type: CONSTRAINT; Schema: public; Owner: techstackuser
--

ALTER TABLE ONLY public.main_portfolio_presentation_cv_workexperience_technologies
    ADD CONSTRAINT main_portfolio_presentation_cv_workexperience_technologies_pkey PRIMARY KEY (id);


--
-- Name: auth_group_name_a6ea08ec_like; Type: INDEX; Schema: public; Owner: techstackuser
--

CREATE INDEX auth_group_name_a6ea08ec_like ON public.auth_group USING btree (name varchar_pattern_ops);


--
-- Name: auth_group_permissions_group_id_b120cbf9; Type: INDEX; Schema: public; Owner: techstackuser
--

CREATE INDEX auth_group_permissions_group_id_b120cbf9 ON public.auth_group_permissions USING btree (group_id);


--
-- Name: auth_group_permissions_permission_id_84c5c92e; Type: INDEX; Schema: public; Owner: techstackuser
--

CREATE INDEX auth_group_permissions_permission_id_84c5c92e ON public.auth_group_permissions USING btree (permission_id);


--
-- Name: auth_permission_content_type_id_2f476e4b; Type: INDEX; Schema: public; Owner: techstackuser
--

CREATE INDEX auth_permission_content_type_id_2f476e4b ON public.auth_permission USING btree (content_type_id);


--
-- Name: auth_user_groups_group_id_97559544; Type: INDEX; Schema: public; Owner: techstackuser
--

CREATE INDEX auth_user_groups_group_id_97559544 ON public.auth_user_groups USING btree (group_id);


--
-- Name: auth_user_groups_user_id_6a12ed8b; Type: INDEX; Schema: public; Owner: techstackuser
--

CREATE INDEX auth_user_groups_user_id_6a12ed8b ON public.auth_user_groups USING btree (user_id);


--
-- Name: auth_user_user_permissions_permission_id_1fbb5f2c; Type: INDEX; Schema: public; Owner: techstackuser
--

CREATE INDEX auth_user_user_permissions_permission_id_1fbb5f2c ON public.auth_user_user_permissions USING btree (permission_id);


--
-- Name: auth_user_user_permissions_user_id_a95ead1b; Type: INDEX; Schema: public; Owner: techstackuser
--

CREATE INDEX auth_user_user_permissions_user_id_a95ead1b ON public.auth_user_user_permissions USING btree (user_id);


--
-- Name: auth_user_username_6821ab7c_like; Type: INDEX; Schema: public; Owner: techstackuser
--

CREATE INDEX auth_user_username_6821ab7c_like ON public.auth_user USING btree (username varchar_pattern_ops);


--
-- Name: django_admin_log_content_type_id_c4bce8eb; Type: INDEX; Schema: public; Owner: techstackuser
--

CREATE INDEX django_admin_log_content_type_id_c4bce8eb ON public.django_admin_log USING btree (content_type_id);


--
-- Name: django_admin_log_user_id_c564eba6; Type: INDEX; Schema: public; Owner: techstackuser
--

CREATE INDEX django_admin_log_user_id_c564eba6 ON public.django_admin_log USING btree (user_id);


--
-- Name: django_session_expire_date_a5c62663; Type: INDEX; Schema: public; Owner: techstackuser
--

CREATE INDEX django_session_expire_date_a5c62663 ON public.django_session USING btree (expire_date);


--
-- Name: django_session_session_key_c0390e0f_like; Type: INDEX; Schema: public; Owner: techstackuser
--

CREATE INDEX django_session_session_key_c0390e0f_like ON public.django_session USING btree (session_key varchar_pattern_ops);


--
-- Name: main_portfolio_presentatio_mainuser_id_0eb23425; Type: INDEX; Schema: public; Owner: techstackuser
--

CREATE INDEX main_portfolio_presentatio_mainuser_id_0eb23425 ON public.main_portfolio_presentation_cv_userdata_technologies USING btree (userdata_id);


--
-- Name: main_portfolio_presentatio_mainuser_id_53e2eaf6; Type: INDEX; Schema: public; Owner: techstackuser
--

CREATE INDEX main_portfolio_presentatio_mainuser_id_53e2eaf6 ON public.main_portfolio_presentation_cv_userdata_work_experience USING btree (userdata_id);


--
-- Name: main_portfolio_presentatio_mainuser_id_57920a0e; Type: INDEX; Schema: public; Owner: techstackuser
--

CREATE INDEX main_portfolio_presentatio_mainuser_id_57920a0e ON public.main_portfolio_presentation_cv_userdata_social_link_connect USING btree (userdata_id);


--
-- Name: main_portfolio_presentatio_mainuser_id_6908ebf4; Type: INDEX; Schema: public; Owner: techstackuser
--

CREATE INDEX main_portfolio_presentatio_mainuser_id_6908ebf4 ON public.main_portfolio_presentation_cv_userdata_projects USING btree (userdata_id);


--
-- Name: main_portfolio_presentatio_projects_id_81b69d6f; Type: INDEX; Schema: public; Owner: techstackuser
--

CREATE INDEX main_portfolio_presentatio_projects_id_81b69d6f ON public.main_portfolio_presentation_cv_projects_technologies USING btree (projects_id);


--
-- Name: main_portfolio_presentatio_projects_id_924d4955; Type: INDEX; Schema: public; Owner: techstackuser
--

CREATE INDEX main_portfolio_presentatio_projects_id_924d4955 ON public.main_portfolio_presentation_cv_userdata_projects USING btree (projects_id);


--
-- Name: main_portfolio_presentatio_sociallinkconnect_id_ea4712f0; Type: INDEX; Schema: public; Owner: techstackuser
--

CREATE INDEX main_portfolio_presentatio_sociallinkconnect_id_ea4712f0 ON public.main_portfolio_presentation_cv_userdata_social_link_connect USING btree (sociallinkconnect_id);


--
-- Name: main_portfolio_presentatio_technologies_id_22344658; Type: INDEX; Schema: public; Owner: techstackuser
--

CREATE INDEX main_portfolio_presentatio_technologies_id_22344658 ON public.main_portfolio_presentation_cv_userdata_technologies USING btree (technologies_id);


--
-- Name: main_portfolio_presentatio_technologies_id_86efcb3c; Type: INDEX; Schema: public; Owner: techstackuser
--

CREATE INDEX main_portfolio_presentatio_technologies_id_86efcb3c ON public.main_portfolio_presentation_cv_projects_technologies USING btree (technologies_id);


--
-- Name: main_portfolio_presentatio_technologies_id_bbb549fb; Type: INDEX; Schema: public; Owner: techstackuser
--

CREATE INDEX main_portfolio_presentatio_technologies_id_bbb549fb ON public.main_portfolio_presentation_cv_workexperience_technologies USING btree (technologies_id);


--
-- Name: main_portfolio_presentatio_workexperience_id_3ecce035; Type: INDEX; Schema: public; Owner: techstackuser
--

CREATE INDEX main_portfolio_presentatio_workexperience_id_3ecce035 ON public.main_portfolio_presentation_cv_workexperience_technologies USING btree (workexperience_id);


--
-- Name: main_portfolio_presentatio_workexperience_id_95d0902c; Type: INDEX; Schema: public; Owner: techstackuser
--

CREATE INDEX main_portfolio_presentatio_workexperience_id_95d0902c ON public.main_portfolio_presentation_cv_userdata_work_experience USING btree (workexperience_id);


--
-- Name: main_portfolio_presentation_cv_mainuser_job_title_id_0ec95919; Type: INDEX; Schema: public; Owner: techstackuser
--

CREATE INDEX main_portfolio_presentation_cv_mainuser_job_title_id_0ec95919 ON public.main_portfolio_presentation_cv_userdata USING btree (job_title_id);


--
-- Name: main_portfolio_presentation_cv_portfolio_user_data_id_6bd79489; Type: INDEX; Schema: public; Owner: techstackuser
--

CREATE INDEX main_portfolio_presentation_cv_portfolio_user_data_id_6bd79489 ON public.main_portfolio_presentation_cv_portfolio USING btree (user_data_id);


--
-- Name: main_portfolio_presentation_cv_portfolio_user_id_5809dd58; Type: INDEX; Schema: public; Owner: techstackuser
--

CREATE INDEX main_portfolio_presentation_cv_portfolio_user_id_5809dd58 ON public.main_portfolio_presentation_cv_portfolio USING btree (user_id);


--
-- Name: auth_group_permissions auth_group_permissio_permission_id_84c5c92e_fk_auth_perm; Type: FK CONSTRAINT; Schema: public; Owner: techstackuser
--

ALTER TABLE ONLY public.auth_group_permissions
    ADD CONSTRAINT auth_group_permissio_permission_id_84c5c92e_fk_auth_perm FOREIGN KEY (permission_id) REFERENCES public.auth_permission(id) DEFERRABLE INITIALLY DEFERRED;


--
-- Name: auth_group_permissions auth_group_permissions_group_id_b120cbf9_fk_auth_group_id; Type: FK CONSTRAINT; Schema: public; Owner: techstackuser
--

ALTER TABLE ONLY public.auth_group_permissions
    ADD CONSTRAINT auth_group_permissions_group_id_b120cbf9_fk_auth_group_id FOREIGN KEY (group_id) REFERENCES public.auth_group(id) DEFERRABLE INITIALLY DEFERRED;


--
-- Name: auth_permission auth_permission_content_type_id_2f476e4b_fk_django_co; Type: FK CONSTRAINT; Schema: public; Owner: techstackuser
--

ALTER TABLE ONLY public.auth_permission
    ADD CONSTRAINT auth_permission_content_type_id_2f476e4b_fk_django_co FOREIGN KEY (content_type_id) REFERENCES public.django_content_type(id) DEFERRABLE INITIALLY DEFERRED;


--
-- Name: auth_user_groups auth_user_groups_group_id_97559544_fk_auth_group_id; Type: FK CONSTRAINT; Schema: public; Owner: techstackuser
--

ALTER TABLE ONLY public.auth_user_groups
    ADD CONSTRAINT auth_user_groups_group_id_97559544_fk_auth_group_id FOREIGN KEY (group_id) REFERENCES public.auth_group(id) DEFERRABLE INITIALLY DEFERRED;


--
-- Name: auth_user_groups auth_user_groups_user_id_6a12ed8b_fk_auth_user_id; Type: FK CONSTRAINT; Schema: public; Owner: techstackuser
--

ALTER TABLE ONLY public.auth_user_groups
    ADD CONSTRAINT auth_user_groups_user_id_6a12ed8b_fk_auth_user_id FOREIGN KEY (user_id) REFERENCES public.auth_user(id) DEFERRABLE INITIALLY DEFERRED;


--
-- Name: auth_user_user_permissions auth_user_user_permi_permission_id_1fbb5f2c_fk_auth_perm; Type: FK CONSTRAINT; Schema: public; Owner: techstackuser
--

ALTER TABLE ONLY public.auth_user_user_permissions
    ADD CONSTRAINT auth_user_user_permi_permission_id_1fbb5f2c_fk_auth_perm FOREIGN KEY (permission_id) REFERENCES public.auth_permission(id) DEFERRABLE INITIALLY DEFERRED;


--
-- Name: auth_user_user_permissions auth_user_user_permissions_user_id_a95ead1b_fk_auth_user_id; Type: FK CONSTRAINT; Schema: public; Owner: techstackuser
--

ALTER TABLE ONLY public.auth_user_user_permissions
    ADD CONSTRAINT auth_user_user_permissions_user_id_a95ead1b_fk_auth_user_id FOREIGN KEY (user_id) REFERENCES public.auth_user(id) DEFERRABLE INITIALLY DEFERRED;


--
-- Name: django_admin_log django_admin_log_content_type_id_c4bce8eb_fk_django_co; Type: FK CONSTRAINT; Schema: public; Owner: techstackuser
--

ALTER TABLE ONLY public.django_admin_log
    ADD CONSTRAINT django_admin_log_content_type_id_c4bce8eb_fk_django_co FOREIGN KEY (content_type_id) REFERENCES public.django_content_type(id) DEFERRABLE INITIALLY DEFERRED;


--
-- Name: django_admin_log django_admin_log_user_id_c564eba6_fk_auth_user_id; Type: FK CONSTRAINT; Schema: public; Owner: techstackuser
--

ALTER TABLE ONLY public.django_admin_log
    ADD CONSTRAINT django_admin_log_user_id_c564eba6_fk_auth_user_id FOREIGN KEY (user_id) REFERENCES public.auth_user(id) DEFERRABLE INITIALLY DEFERRED;


--
-- Name: main_portfolio_presentation_cv_userdata main_portfolio_prese_job_title_id_0ec95919_fk_main_port; Type: FK CONSTRAINT; Schema: public; Owner: techstackuser
--

ALTER TABLE ONLY public.main_portfolio_presentation_cv_userdata
    ADD CONSTRAINT main_portfolio_prese_job_title_id_0ec95919_fk_main_port FOREIGN KEY (job_title_id) REFERENCES public.main_portfolio_presentation_cv_jobtitle(id) DEFERRABLE INITIALLY DEFERRED;


--
-- Name: main_portfolio_presentation_cv_projects_technologies main_portfolio_prese_projects_id_81b69d6f_fk_main_port; Type: FK CONSTRAINT; Schema: public; Owner: techstackuser
--

ALTER TABLE ONLY public.main_portfolio_presentation_cv_projects_technologies
    ADD CONSTRAINT main_portfolio_prese_projects_id_81b69d6f_fk_main_port FOREIGN KEY (projects_id) REFERENCES public.main_portfolio_presentation_cv_projects(id) DEFERRABLE INITIALLY DEFERRED;


--
-- Name: main_portfolio_presentation_cv_userdata_projects main_portfolio_prese_projects_id_924d4955_fk_main_port; Type: FK CONSTRAINT; Schema: public; Owner: techstackuser
--

ALTER TABLE ONLY public.main_portfolio_presentation_cv_userdata_projects
    ADD CONSTRAINT main_portfolio_prese_projects_id_924d4955_fk_main_port FOREIGN KEY (projects_id) REFERENCES public.main_portfolio_presentation_cv_projects(id) DEFERRABLE INITIALLY DEFERRED;


--
-- Name: main_portfolio_presentation_cv_userdata_social_link_connect main_portfolio_prese_sociallinkconnect_id_ea4712f0_fk_main_port; Type: FK CONSTRAINT; Schema: public; Owner: techstackuser
--

ALTER TABLE ONLY public.main_portfolio_presentation_cv_userdata_social_link_connect
    ADD CONSTRAINT main_portfolio_prese_sociallinkconnect_id_ea4712f0_fk_main_port FOREIGN KEY (sociallinkconnect_id) REFERENCES public.main_portfolio_presentation_cv_sociallinkconnect(id) DEFERRABLE INITIALLY DEFERRED;


--
-- Name: main_portfolio_presentation_cv_userdata_technologies main_portfolio_prese_technologies_id_22344658_fk_main_port; Type: FK CONSTRAINT; Schema: public; Owner: techstackuser
--

ALTER TABLE ONLY public.main_portfolio_presentation_cv_userdata_technologies
    ADD CONSTRAINT main_portfolio_prese_technologies_id_22344658_fk_main_port FOREIGN KEY (technologies_id) REFERENCES public.main_portfolio_presentation_cv_technologies(id) DEFERRABLE INITIALLY DEFERRED;


--
-- Name: main_portfolio_presentation_cv_projects_technologies main_portfolio_prese_technologies_id_86efcb3c_fk_main_port; Type: FK CONSTRAINT; Schema: public; Owner: techstackuser
--

ALTER TABLE ONLY public.main_portfolio_presentation_cv_projects_technologies
    ADD CONSTRAINT main_portfolio_prese_technologies_id_86efcb3c_fk_main_port FOREIGN KEY (technologies_id) REFERENCES public.main_portfolio_presentation_cv_technologies(id) DEFERRABLE INITIALLY DEFERRED;


--
-- Name: main_portfolio_presentation_cv_workexperience_technologies main_portfolio_prese_technologies_id_bbb549fb_fk_main_port; Type: FK CONSTRAINT; Schema: public; Owner: techstackuser
--

ALTER TABLE ONLY public.main_portfolio_presentation_cv_workexperience_technologies
    ADD CONSTRAINT main_portfolio_prese_technologies_id_bbb549fb_fk_main_port FOREIGN KEY (technologies_id) REFERENCES public.main_portfolio_presentation_cv_technologies(id) DEFERRABLE INITIALLY DEFERRED;


--
-- Name: main_portfolio_presentation_cv_portfolio main_portfolio_prese_user_data_id_6bd79489_fk_main_port; Type: FK CONSTRAINT; Schema: public; Owner: techstackuser
--

ALTER TABLE ONLY public.main_portfolio_presentation_cv_portfolio
    ADD CONSTRAINT main_portfolio_prese_user_data_id_6bd79489_fk_main_port FOREIGN KEY (user_data_id) REFERENCES public.main_portfolio_presentation_cv_userdata(id) DEFERRABLE INITIALLY DEFERRED;


--
-- Name: main_portfolio_presentation_cv_portfolio main_portfolio_prese_user_id_5809dd58_fk_auth_user; Type: FK CONSTRAINT; Schema: public; Owner: techstackuser
--

ALTER TABLE ONLY public.main_portfolio_presentation_cv_portfolio
    ADD CONSTRAINT main_portfolio_prese_user_id_5809dd58_fk_auth_user FOREIGN KEY (user_id) REFERENCES public.auth_user(id) DEFERRABLE INITIALLY DEFERRED;


--
-- Name: main_portfolio_presentation_cv_userdata_social_link_connect main_portfolio_prese_userdata_id_4a6bc1d3_fk_main_port; Type: FK CONSTRAINT; Schema: public; Owner: techstackuser
--

ALTER TABLE ONLY public.main_portfolio_presentation_cv_userdata_social_link_connect
    ADD CONSTRAINT main_portfolio_prese_userdata_id_4a6bc1d3_fk_main_port FOREIGN KEY (userdata_id) REFERENCES public.main_portfolio_presentation_cv_userdata(id) DEFERRABLE INITIALLY DEFERRED;


--
-- Name: main_portfolio_presentation_cv_userdata_technologies main_portfolio_prese_userdata_id_4d8365c0_fk_main_port; Type: FK CONSTRAINT; Schema: public; Owner: techstackuser
--

ALTER TABLE ONLY public.main_portfolio_presentation_cv_userdata_technologies
    ADD CONSTRAINT main_portfolio_prese_userdata_id_4d8365c0_fk_main_port FOREIGN KEY (userdata_id) REFERENCES public.main_portfolio_presentation_cv_userdata(id) DEFERRABLE INITIALLY DEFERRED;


--
-- Name: main_portfolio_presentation_cv_userdata_projects main_portfolio_prese_userdata_id_631d9bad_fk_main_port; Type: FK CONSTRAINT; Schema: public; Owner: techstackuser
--

ALTER TABLE ONLY public.main_portfolio_presentation_cv_userdata_projects
    ADD CONSTRAINT main_portfolio_prese_userdata_id_631d9bad_fk_main_port FOREIGN KEY (userdata_id) REFERENCES public.main_portfolio_presentation_cv_userdata(id) DEFERRABLE INITIALLY DEFERRED;


--
-- Name: main_portfolio_presentation_cv_userdata_work_experience main_portfolio_prese_userdata_id_88d47888_fk_main_port; Type: FK CONSTRAINT; Schema: public; Owner: techstackuser
--

ALTER TABLE ONLY public.main_portfolio_presentation_cv_userdata_work_experience
    ADD CONSTRAINT main_portfolio_prese_userdata_id_88d47888_fk_main_port FOREIGN KEY (userdata_id) REFERENCES public.main_portfolio_presentation_cv_userdata(id) DEFERRABLE INITIALLY DEFERRED;


--
-- Name: main_portfolio_presentation_cv_workexperience_technologies main_portfolio_prese_workexperience_id_3ecce035_fk_main_port; Type: FK CONSTRAINT; Schema: public; Owner: techstackuser
--

ALTER TABLE ONLY public.main_portfolio_presentation_cv_workexperience_technologies
    ADD CONSTRAINT main_portfolio_prese_workexperience_id_3ecce035_fk_main_port FOREIGN KEY (workexperience_id) REFERENCES public.main_portfolio_presentation_cv_workexperience(id) DEFERRABLE INITIALLY DEFERRED;


--
-- Name: main_portfolio_presentation_cv_userdata_work_experience main_portfolio_prese_workexperience_id_95d0902c_fk_main_port; Type: FK CONSTRAINT; Schema: public; Owner: techstackuser
--

ALTER TABLE ONLY public.main_portfolio_presentation_cv_userdata_work_experience
    ADD CONSTRAINT main_portfolio_prese_workexperience_id_95d0902c_fk_main_port FOREIGN KEY (workexperience_id) REFERENCES public.main_portfolio_presentation_cv_workexperience(id) DEFERRABLE INITIALLY DEFERRED;


--
-- PostgreSQL database dump complete
--

